{
	"BUILD_DIR" : "F:/CS5310_assignments/assignment5/cmake-build-debug/main_entry_autogen",
	"CMAKE_BINARY_DIR" : "F:/CS5310_assignments/assignment5/cmake-build-debug",
	"CMAKE_CURRENT_BINARY_DIR" : "F:/CS5310_assignments/assignment5/cmake-build-debug",
	"CMAKE_CURRENT_SOURCE_DIR" : "F:/CS5310_assignments/assignment5",
	"CMAKE_EXECUTABLE" : "D:/CLion/bin/cmake/win/x64/bin/cmake.exe",
	"CMAKE_LIST_FILES" : 
	[
		"F:/CS5310_assignments/assignment5/CMakeLists.txt",
		"D:/CLion/bin/cmake/win/x64/share/cmake-3.28/Modules/CMakeDetermineSystem.cmake",
		"D:/CLion/bin/cmake/win/x64/share/cmake-3.28/Modules/CMakeSystem.cmake.in",
		"F:/CS5310_assignments/assignment5/cmake-build-debug/CMakeFiles/3.28.1/CMakeSystem.cmake",
		"D:/CLion/bin/cmake/win/x64/share/cmake-3.28/Modules/CMakeMinGWFindMake.cmake",
		"D:/CLion/bin/cmake/win/x64/share/cmake-3.28/Modules/CMakeSystemSpecificInitialize.cmake",
		"D:/CLion/bin/cmake/win/x64/share/cmake-3.28/Modules/Platform/Windows-Initialize.cmake",
		"D:/CLion/bin/cmake/win/x64/share/cmake-3.28/Modules/CMakeDetermineCCompiler.cmake",
		"D:/CLion/bin/cmake/win/x64/share/cmake-3.28/Modules/CMakeDetermineCompiler.cmake",
		"D:/CLion/bin/cmake/win/x64/share/cmake-3.28/Modules/CMakeDetermineCompilerId.cmake",
		"D:/CLion/bin/cmake/win/x64/share/cmake-3.28/Modules/CMakeCompilerIdDetection.cmake",
		"D:/CLion/bin/cmake/win/x64/share/cmake-3.28/Modules/Compiler/ADSP-DetermineCompiler.cmake",
		"D:/CLion/bin/cmake/win/x64/share/cmake-3.28/Modules/Compiler/ARMCC-DetermineCompiler.cmake",
		"D:/CLion/bin/cmake/win/x64/share/cmake-3.28/Modules/Compiler/ARMClang-DetermineCompiler.cmake",
		"D:/CLion/bin/cmake/win/x64/share/cmake-3.28/Modules/Compiler/AppleClang-DetermineCompiler.cmake",
		"D:/CLion/bin/cmake/win/x64/share/cmake-3.28/Modules/Compiler/Clang-DetermineCompilerInternal.cmake",
		"D:/CLion/bin/cmake/win/x64/share/cmake-3.28/Modules/Compiler/Borland-DetermineCompiler.cmake",
		"D:/CLion/bin/cmake/win/x64/share/cmake-3.28/Modules/Compiler/Bruce-C-DetermineCompiler.cmake",
		"D:/CLion/bin/cmake/win/x64/share/cmake-3.28/Modules/Compiler/Clang-DetermineCompiler.cmake",
		"D:/CLion/bin/cmake/win/x64/share/cmake-3.28/Modules/Compiler/Clang-DetermineCompilerInternal.cmake",
		"D:/CLion/bin/cmake/win/x64/share/cmake-3.28/Modules/Compiler/Compaq-C-DetermineCompiler.cmake",
		"D:/CLion/bin/cmake/win/x64/share/cmake-3.28/Modules/Compiler/Cray-DetermineCompiler.cmake",
		"D:/CLion/bin/cmake/win/x64/share/cmake-3.28/Modules/Compiler/CrayClang-DetermineCompiler.cmake",
		"D:/CLion/bin/cmake/win/x64/share/cmake-3.28/Modules/Compiler/Embarcadero-DetermineCompiler.cmake",
		"D:/CLion/bin/cmake/win/x64/share/cmake-3.28/Modules/Compiler/Fujitsu-DetermineCompiler.cmake",
		"D:/CLion/bin/cmake/win/x64/share/cmake-3.28/Modules/Compiler/FujitsuClang-DetermineCompiler.cmake",
		"D:/CLion/bin/cmake/win/x64/share/cmake-3.28/Modules/Compiler/GHS-DetermineCompiler.cmake",
		"D:/CLion/bin/cmake/win/x64/share/cmake-3.28/Modules/Compiler/GNU-C-DetermineCompiler.cmake",
		"D:/CLion/bin/cmake/win/x64/share/cmake-3.28/Modules/Compiler/HP-C-DetermineCompiler.cmake",
		"D:/CLion/bin/cmake/win/x64/share/cmake-3.28/Modules/Compiler/IAR-DetermineCompiler.cmake",
		"D:/CLion/bin/cmake/win/x64/share/cmake-3.28/Modules/Compiler/IBMClang-C-DetermineCompiler.cmake",
		"D:/CLion/bin/cmake/win/x64/share/cmake-3.28/Modules/Compiler/Intel-DetermineCompiler.cmake",
		"D:/CLion/bin/cmake/win/x64/share/cmake-3.28/Modules/Compiler/IntelLLVM-DetermineCompiler.cmake",
		"D:/CLion/bin/cmake/win/x64/share/cmake-3.28/Modules/Compiler/LCC-C-DetermineCompiler.cmake",
		"D:/CLion/bin/cmake/win/x64/share/cmake-3.28/Modules/Compiler/MSVC-DetermineCompiler.cmake",
		"D:/CLion/bin/cmake/win/x64/share/cmake-3.28/Modules/Compiler/NVHPC-DetermineCompiler.cmake",
		"D:/CLion/bin/cmake/win/x64/share/cmake-3.28/Modules/Compiler/NVIDIA-DetermineCompiler.cmake",
		"D:/CLion/bin/cmake/win/x64/share/cmake-3.28/Modules/Compiler/OpenWatcom-DetermineCompiler.cmake",
		"D:/CLion/bin/cmake/win/x64/share/cmake-3.28/Modules/Compiler/OrangeC-DetermineCompiler.cmake",
		"D:/CLion/bin/cmake/win/x64/share/cmake-3.28/Modules/Compiler/PGI-DetermineCompiler.cmake",
		"D:/CLion/bin/cmake/win/x64/share/cmake-3.28/Modules/Compiler/PathScale-DetermineCompiler.cmake",
		"D:/CLion/bin/cmake/win/x64/share/cmake-3.28/Modules/Compiler/SCO-DetermineCompiler.cmake",
		"D:/CLion/bin/cmake/win/x64/share/cmake-3.28/Modules/Compiler/SDCC-C-DetermineCompiler.cmake",
		"D:/CLion/bin/cmake/win/x64/share/cmake-3.28/Modules/Compiler/SunPro-C-DetermineCompiler.cmake",
		"D:/CLion/bin/cmake/win/x64/share/cmake-3.28/Modules/Compiler/TI-DetermineCompiler.cmake",
		"D:/CLion/bin/cmake/win/x64/share/cmake-3.28/Modules/Compiler/Tasking-DetermineCompiler.cmake",
		"D:/CLion/bin/cmake/win/x64/share/cmake-3.28/Modules/Compiler/TinyCC-C-DetermineCompiler.cmake",
		"D:/CLion/bin/cmake/win/x64/share/cmake-3.28/Modules/Compiler/VisualAge-C-DetermineCompiler.cmake",
		"D:/CLion/bin/cmake/win/x64/share/cmake-3.28/Modules/Compiler/IBMCPP-C-DetermineVersionInternal.cmake",
		"D:/CLion/bin/cmake/win/x64/share/cmake-3.28/Modules/Compiler/Watcom-DetermineCompiler.cmake",
		"D:/CLion/bin/cmake/win/x64/share/cmake-3.28/Modules/Compiler/XL-C-DetermineCompiler.cmake",
		"D:/CLion/bin/cmake/win/x64/share/cmake-3.28/Modules/Compiler/IBMCPP-C-DetermineVersionInternal.cmake",
		"D:/CLion/bin/cmake/win/x64/share/cmake-3.28/Modules/Compiler/XLClang-C-DetermineCompiler.cmake",
		"D:/CLion/bin/cmake/win/x64/share/cmake-3.28/Modules/Compiler/zOS-C-DetermineCompiler.cmake",
		"D:/CLion/bin/cmake/win/x64/share/cmake-3.28/Modules/Compiler/IBMCPP-C-DetermineVersionInternal.cmake",
		"D:/CLion/bin/cmake/win/x64/share/cmake-3.28/Modules/CMakeFindBinUtils.cmake",
		"D:/CLion/bin/cmake/win/x64/share/cmake-3.28/Modules/Compiler/GNU-FindBinUtils.cmake",
		"D:/CLion/bin/cmake/win/x64/share/cmake-3.28/Modules/CMakeCCompiler.cmake.in",
		"F:/CS5310_assignments/assignment5/cmake-build-debug/CMakeFiles/3.28.1/CMakeCCompiler.cmake",
		"D:/CLion/bin/cmake/win/x64/share/cmake-3.28/Modules/CMakeDetermineCXXCompiler.cmake",
		"D:/CLion/bin/cmake/win/x64/share/cmake-3.28/Modules/CMakeDetermineCompiler.cmake",
		"D:/CLion/bin/cmake/win/x64/share/cmake-3.28/Modules/Platform/Windows-Determine-CXX.cmake",
		"D:/CLion/bin/cmake/win/x64/share/cmake-3.28/Modules/CMakeDetermineCompilerId.cmake",
		"D:/CLion/bin/cmake/win/x64/share/cmake-3.28/Modules/CMakeCompilerIdDetection.cmake",
		"D:/CLion/bin/cmake/win/x64/share/cmake-3.28/Modules/Compiler/ADSP-DetermineCompiler.cmake",
		"D:/CLion/bin/cmake/win/x64/share/cmake-3.28/Modules/Compiler/ARMCC-DetermineCompiler.cmake",
		"D:/CLion/bin/cmake/win/x64/share/cmake-3.28/Modules/Compiler/ARMClang-DetermineCompiler.cmake",
		"D:/CLion/bin/cmake/win/x64/share/cmake-3.28/Modules/Compiler/AppleClang-DetermineCompiler.cmake",
		"D:/CLion/bin/cmake/win/x64/share/cmake-3.28/Modules/Compiler/Clang-DetermineCompilerInternal.cmake",
		"D:/CLion/bin/cmake/win/x64/share/cmake-3.28/Modules/Compiler/Borland-DetermineCompiler.cmake",
		"D:/CLion/bin/cmake/win/x64/share/cmake-3.28/Modules/Compiler/Clang-DetermineCompiler.cmake",
		"D:/CLion/bin/cmake/win/x64/share/cmake-3.28/Modules/Compiler/Clang-DetermineCompilerInternal.cmake",
		"D:/CLion/bin/cmake/win/x64/share/cmake-3.28/Modules/Compiler/Comeau-CXX-DetermineCompiler.cmake",
		"D:/CLion/bin/cmake/win/x64/share/cmake-3.28/Modules/Compiler/Compaq-CXX-DetermineCompiler.cmake",
		"D:/CLion/bin/cmake/win/x64/share/cmake-3.28/Modules/Compiler/Cray-DetermineCompiler.cmake",
		"D:/CLion/bin/cmake/win/x64/share/cmake-3.28/Modules/Compiler/CrayClang-DetermineCompiler.cmake",
		"D:/CLion/bin/cmake/win/x64/share/cmake-3.28/Modules/Compiler/Embarcadero-DetermineCompiler.cmake",
		"D:/CLion/bin/cmake/win/x64/share/cmake-3.28/Modules/Compiler/Fujitsu-DetermineCompiler.cmake",
		"D:/CLion/bin/cmake/win/x64/share/cmake-3.28/Modules/Compiler/FujitsuClang-DetermineCompiler.cmake",
		"D:/CLion/bin/cmake/win/x64/share/cmake-3.28/Modules/Compiler/GHS-DetermineCompiler.cmake",
		"D:/CLion/bin/cmake/win/x64/share/cmake-3.28/Modules/Compiler/GNU-CXX-DetermineCompiler.cmake",
		"D:/CLion/bin/cmake/win/x64/share/cmake-3.28/Modules/Compiler/HP-CXX-DetermineCompiler.cmake",
		"D:/CLion/bin/cmake/win/x64/share/cmake-3.28/Modules/Compiler/IAR-DetermineCompiler.cmake",
		"D:/CLion/bin/cmake/win/x64/share/cmake-3.28/Modules/Compiler/IBMClang-CXX-DetermineCompiler.cmake",
		"D:/CLion/bin/cmake/win/x64/share/cmake-3.28/Modules/Compiler/Intel-DetermineCompiler.cmake",
		"D:/CLion/bin/cmake/win/x64/share/cmake-3.28/Modules/Compiler/IntelLLVM-DetermineCompiler.cmake",
		"D:/CLion/bin/cmake/win/x64/share/cmake-3.28/Modules/Compiler/LCC-CXX-DetermineCompiler.cmake",
		"D:/CLion/bin/cmake/win/x64/share/cmake-3.28/Modules/Compiler/MSVC-DetermineCompiler.cmake",
		"D:/CLion/bin/cmake/win/x64/share/cmake-3.28/Modules/Compiler/NVHPC-DetermineCompiler.cmake",
		"D:/CLion/bin/cmake/win/x64/share/cmake-3.28/Modules/Compiler/NVIDIA-DetermineCompiler.cmake",
		"D:/CLion/bin/cmake/win/x64/share/cmake-3.28/Modules/Compiler/OpenWatcom-DetermineCompiler.cmake",
		"D:/CLion/bin/cmake/win/x64/share/cmake-3.28/Modules/Compiler/OrangeC-DetermineCompiler.cmake",
		"D:/CLion/bin/cmake/win/x64/share/cmake-3.28/Modules/Compiler/PGI-DetermineCompiler.cmake",
		"D:/CLion/bin/cmake/win/x64/share/cmake-3.28/Modules/Compiler/PathScale-DetermineCompiler.cmake",
		"D:/CLion/bin/cmake/win/x64/share/cmake-3.28/Modules/Compiler/SCO-DetermineCompiler.cmake",
		"D:/CLion/bin/cmake/win/x64/share/cmake-3.28/Modules/Compiler/SunPro-CXX-DetermineCompiler.cmake",
		"D:/CLion/bin/cmake/win/x64/share/cmake-3.28/Modules/Compiler/TI-DetermineCompiler.cmake",
		"D:/CLion/bin/cmake/win/x64/share/cmake-3.28/Modules/Compiler/Tasking-DetermineCompiler.cmake",
		"D:/CLion/bin/cmake/win/x64/share/cmake-3.28/Modules/Compiler/VisualAge-CXX-DetermineCompiler.cmake",
		"D:/CLion/bin/cmake/win/x64/share/cmake-3.28/Modules/Compiler/IBMCPP-CXX-DetermineVersionInternal.cmake",
		"D:/CLion/bin/cmake/win/x64/share/cmake-3.28/Modules/Compiler/Watcom-DetermineCompiler.cmake",
		"D:/CLion/bin/cmake/win/x64/share/cmake-3.28/Modules/Compiler/XL-CXX-DetermineCompiler.cmake",
		"D:/CLion/bin/cmake/win/x64/share/cmake-3.28/Modules/Compiler/IBMCPP-CXX-DetermineVersionInternal.cmake",
		"D:/CLion/bin/cmake/win/x64/share/cmake-3.28/Modules/Compiler/XLClang-CXX-DetermineCompiler.cmake",
		"D:/CLion/bin/cmake/win/x64/share/cmake-3.28/Modules/Compiler/zOS-CXX-DetermineCompiler.cmake",
		"D:/CLion/bin/cmake/win/x64/share/cmake-3.28/Modules/Compiler/IBMCPP-CXX-DetermineVersionInternal.cmake",
		"D:/CLion/bin/cmake/win/x64/share/cmake-3.28/Modules/CMakeFindBinUtils.cmake",
		"D:/CLion/bin/cmake/win/x64/share/cmake-3.28/Modules/Compiler/GNU-FindBinUtils.cmake",
		"D:/CLion/bin/cmake/win/x64/share/cmake-3.28/Modules/CMakeCXXCompiler.cmake.in",
		"F:/CS5310_assignments/assignment5/cmake-build-debug/CMakeFiles/3.28.1/CMakeCXXCompiler.cmake",
		"D:/CLion/bin/cmake/win/x64/share/cmake-3.28/Modules/CMakeSystemSpecificInformation.cmake",
		"D:/CLion/bin/cmake/win/x64/share/cmake-3.28/Modules/CMakeGenericSystem.cmake",
		"D:/CLion/bin/cmake/win/x64/share/cmake-3.28/Modules/CMakeInitializeConfigs.cmake",
		"D:/CLion/bin/cmake/win/x64/share/cmake-3.28/Modules/Platform/Windows.cmake",
		"D:/CLion/bin/cmake/win/x64/share/cmake-3.28/Modules/Platform/WindowsPaths.cmake",
		"D:/CLion/bin/cmake/win/x64/share/cmake-3.28/Modules/CMakeFindCodeBlocks.cmake",
		"D:/CLion/bin/cmake/win/x64/share/cmake-3.28/Modules/CMakeExtraGeneratorDetermineCompilerMacrosAndIncludeDirs.cmake",
		"D:/CLion/bin/cmake/win/x64/share/cmake-3.28/Modules/ProcessorCount.cmake",
		"D:/CLion/bin/cmake/win/x64/share/cmake-3.28/Modules/CMakeCInformation.cmake",
		"D:/CLion/bin/cmake/win/x64/share/cmake-3.28/Modules/CMakeLanguageInformation.cmake",
		"D:/CLion/bin/cmake/win/x64/share/cmake-3.28/Modules/Compiler/GNU-C.cmake",
		"D:/CLion/bin/cmake/win/x64/share/cmake-3.28/Modules/Compiler/GNU.cmake",
		"D:/CLion/bin/cmake/win/x64/share/cmake-3.28/Modules/Compiler/CMakeCommonCompilerMacros.cmake",
		"D:/CLion/bin/cmake/win/x64/share/cmake-3.28/Modules/Platform/Windows-GNU-C.cmake",
		"D:/CLion/bin/cmake/win/x64/share/cmake-3.28/Modules/Platform/Windows-GNU.cmake",
		"D:/CLion/bin/cmake/win/x64/share/cmake-3.28/Modules/CMakeDetermineRCCompiler.cmake",
		"D:/CLion/bin/cmake/win/x64/share/cmake-3.28/Modules/CMakeRCCompiler.cmake.in",
		"F:/CS5310_assignments/assignment5/cmake-build-debug/CMakeFiles/3.28.1/CMakeRCCompiler.cmake",
		"D:/CLion/bin/cmake/win/x64/share/cmake-3.28/Modules/CMakeRCInformation.cmake",
		"D:/CLion/bin/cmake/win/x64/share/cmake-3.28/Modules/Platform/Windows-windres.cmake",
		"D:/CLion/bin/cmake/win/x64/share/cmake-3.28/Modules/CMakeTestRCCompiler.cmake",
		"D:/CLion/bin/cmake/win/x64/share/cmake-3.28/Modules/CMakeCommonLanguageInclude.cmake",
		"D:/CLion/bin/cmake/win/x64/share/cmake-3.28/Modules/CMakeTestCCompiler.cmake",
		"D:/CLion/bin/cmake/win/x64/share/cmake-3.28/Modules/CMakeTestCompilerCommon.cmake",
		"D:/CLion/bin/cmake/win/x64/share/cmake-3.28/Modules/CMakeDetermineCompilerABI.cmake",
		"D:/CLion/bin/cmake/win/x64/share/cmake-3.28/Modules/CMakeParseImplicitIncludeInfo.cmake",
		"D:/CLion/bin/cmake/win/x64/share/cmake-3.28/Modules/CMakeParseImplicitLinkInfo.cmake",
		"D:/CLion/bin/cmake/win/x64/share/cmake-3.28/Modules/CMakeParseLibraryArchitecture.cmake",
		"D:/CLion/bin/cmake/win/x64/share/cmake-3.28/Modules/CMakeTestCompilerCommon.cmake",
		"D:/CLion/bin/cmake/win/x64/share/cmake-3.28/Modules/CMakeCCompilerABI.c",
		"D:/CLion/bin/cmake/win/x64/share/cmake-3.28/Modules/CMakeDetermineCompileFeatures.cmake",
		"D:/CLion/bin/cmake/win/x64/share/cmake-3.28/Modules/Internal/FeatureTesting.cmake",
		"D:/CLion/bin/cmake/win/x64/share/cmake-3.28/Modules/CMakeCCompiler.cmake.in",
		"F:/CS5310_assignments/assignment5/cmake-build-debug/CMakeFiles/3.28.1/CMakeCCompiler.cmake",
		"D:/CLion/bin/cmake/win/x64/share/cmake-3.28/Modules/Platform/Windows-GNU-C-ABI.cmake",
		"D:/CLion/bin/cmake/win/x64/share/cmake-3.28/Modules/CMakeCXXInformation.cmake",
		"D:/CLion/bin/cmake/win/x64/share/cmake-3.28/Modules/CMakeLanguageInformation.cmake",
		"D:/CLion/bin/cmake/win/x64/share/cmake-3.28/Modules/Compiler/GNU-CXX.cmake",
		"D:/CLion/bin/cmake/win/x64/share/cmake-3.28/Modules/Compiler/GNU.cmake",
		"D:/CLion/bin/cmake/win/x64/share/cmake-3.28/Modules/Platform/Windows-GNU-CXX.cmake",
		"D:/CLion/bin/cmake/win/x64/share/cmake-3.28/Modules/Platform/Windows-GNU.cmake",
		"D:/CLion/bin/cmake/win/x64/share/cmake-3.28/Modules/CMakeCommonLanguageInclude.cmake",
		"D:/CLion/bin/cmake/win/x64/share/cmake-3.28/Modules/CMakeTestCXXCompiler.cmake",
		"D:/CLion/bin/cmake/win/x64/share/cmake-3.28/Modules/CMakeTestCompilerCommon.cmake",
		"D:/CLion/bin/cmake/win/x64/share/cmake-3.28/Modules/CMakeDetermineCompilerABI.cmake",
		"D:/CLion/bin/cmake/win/x64/share/cmake-3.28/Modules/CMakeParseImplicitIncludeInfo.cmake",
		"D:/CLion/bin/cmake/win/x64/share/cmake-3.28/Modules/CMakeParseImplicitLinkInfo.cmake",
		"D:/CLion/bin/cmake/win/x64/share/cmake-3.28/Modules/CMakeParseLibraryArchitecture.cmake",
		"D:/CLion/bin/cmake/win/x64/share/cmake-3.28/Modules/CMakeTestCompilerCommon.cmake",
		"D:/CLion/bin/cmake/win/x64/share/cmake-3.28/Modules/CMakeCXXCompilerABI.cpp",
		"D:/CLion/bin/cmake/win/x64/share/cmake-3.28/Modules/CMakeDetermineCompileFeatures.cmake",
		"D:/CLion/bin/cmake/win/x64/share/cmake-3.28/Modules/Internal/FeatureTesting.cmake",
		"D:/CLion/bin/cmake/win/x64/share/cmake-3.28/Modules/CMakeCXXCompiler.cmake.in",
		"F:/CS5310_assignments/assignment5/cmake-build-debug/CMakeFiles/3.28.1/CMakeCXXCompiler.cmake",
		"D:/CLion/bin/cmake/win/x64/share/cmake-3.28/Modules/Platform/Windows-GNU-CXX-ABI.cmake",
		"C:/Qt/6.7.1/mingw_64/lib/cmake/Qt6/Qt6ConfigVersion.cmake",
		"C:/Qt/6.7.1/mingw_64/lib/cmake/Qt6/Qt6ConfigVersionImpl.cmake",
		"C:/Qt/6.7.1/mingw_64/lib/cmake/Qt6/Qt6Config.cmake",
		"C:/Qt/6.7.1/mingw_64/lib/cmake/Qt6/Qt6ConfigExtras.cmake",
		"C:/Qt/6.7.1/mingw_64/lib/cmake/Qt6/QtPublicCMakeVersionHelpers.cmake",
		"C:/Qt/6.7.1/mingw_64/lib/cmake/Qt6/Qt6Targets.cmake",
		"C:/Qt/6.7.1/mingw_64/lib/cmake/Qt6/Qt6VersionlessTargets.cmake",
		"C:/Qt/6.7.1/mingw_64/lib/cmake/Qt6/QtFeature.cmake",
		"D:/CLion/bin/cmake/win/x64/share/cmake-3.28/Modules/CheckCXXCompilerFlag.cmake",
		"D:/CLion/bin/cmake/win/x64/share/cmake-3.28/Modules/Internal/CheckCompilerFlag.cmake",
		"D:/CLion/bin/cmake/win/x64/share/cmake-3.28/Modules/Internal/CheckFlagCommonConfig.cmake",
		"D:/CLion/bin/cmake/win/x64/share/cmake-3.28/Modules/Internal/CheckSourceCompiles.cmake",
		"D:/CLion/bin/cmake/win/x64/share/cmake-3.28/Modules/CMakeCheckCompilerFlagCommonPatterns.cmake",
		"D:/CLion/bin/cmake/win/x64/share/cmake-3.28/Modules/CheckCXXSourceCompiles.cmake",
		"D:/CLion/bin/cmake/win/x64/share/cmake-3.28/Modules/Internal/CheckSourceCompiles.cmake",
		"C:/Qt/6.7.1/mingw_64/lib/cmake/Qt6/QtFeatureCommon.cmake",
		"C:/Qt/6.7.1/mingw_64/lib/cmake/Qt6/QtPublicAppleHelpers.cmake",
		"C:/Qt/6.7.1/mingw_64/lib/cmake/Qt6/QtPublicCMakeHelpers.cmake",
		"C:/Qt/6.7.1/mingw_64/lib/cmake/Qt6/QtPublicCMakeVersionHelpers.cmake",
		"C:/Qt/6.7.1/mingw_64/lib/cmake/Qt6/QtPublicDependencyHelpers.cmake",
		"C:/Qt/6.7.1/mingw_64/lib/cmake/Qt6/QtPublicExternalProjectHelpers.cmake",
		"C:/Qt/6.7.1/mingw_64/lib/cmake/Qt6/QtPublicFinalizerHelpers.cmake",
		"C:/Qt/6.7.1/mingw_64/lib/cmake/Qt6/QtPublicFindPackageHelpers.cmake",
		"C:/Qt/6.7.1/mingw_64/lib/cmake/Qt6/QtPublicPluginHelpers.cmake",
		"C:/Qt/6.7.1/mingw_64/lib/cmake/Qt6/QtPublicTargetHelpers.cmake",
		"C:/Qt/6.7.1/mingw_64/lib/cmake/Qt6/QtPublicTestHelpers.cmake",
		"C:/Qt/6.7.1/mingw_64/lib/cmake/Qt6/QtPublicToolHelpers.cmake",
		"C:/Qt/6.7.1/mingw_64/lib/cmake/Qt6/QtPublicWalkLibsHelpers.cmake",
		"D:/CLion/bin/cmake/win/x64/share/cmake-3.28/Modules/CMakeFindDependencyMacro.cmake",
		"C:/Qt/6.7.1/mingw_64/lib/cmake/Qt6/Qt6Dependencies.cmake",
		"D:/CLion/bin/cmake/win/x64/share/cmake-3.28/Modules/FindThreads.cmake",
		"D:/CLion/bin/cmake/win/x64/share/cmake-3.28/Modules/CheckLibraryExists.cmake",
		"D:/CLion/bin/cmake/win/x64/share/cmake-3.28/Modules/CheckIncludeFile.cmake",
		"D:/CLion/bin/cmake/win/x64/share/cmake-3.28/Modules/CheckCSourceCompiles.cmake",
		"D:/CLion/bin/cmake/win/x64/share/cmake-3.28/Modules/Internal/CheckSourceCompiles.cmake",
		"D:/CLion/bin/cmake/win/x64/share/cmake-3.28/Modules/FindPackageHandleStandardArgs.cmake",
		"D:/CLion/bin/cmake/win/x64/share/cmake-3.28/Modules/FindPackageMessage.cmake",
		"C:/Qt/6.7.1/mingw_64/lib/cmake/Qt6Core/Qt6CoreConfigVersion.cmake",
		"C:/Qt/6.7.1/mingw_64/lib/cmake/Qt6Core/Qt6CoreConfigVersionImpl.cmake",
		"C:/Qt/6.7.1/mingw_64/lib/cmake/Qt6Core/Qt6CoreConfig.cmake",
		"D:/CLion/bin/cmake/win/x64/share/cmake-3.28/Modules/CMakeFindDependencyMacro.cmake",
		"C:/Qt/6.7.1/mingw_64/lib/cmake/Qt6Core/Qt6CoreDependencies.cmake",
		"C:/Qt/6.7.1/mingw_64/lib/cmake/Qt6/FindWrapAtomic.cmake",
		"D:/CLion/bin/cmake/win/x64/share/cmake-3.28/Modules/CheckCXXSourceCompiles.cmake",
		"D:/CLion/bin/cmake/win/x64/share/cmake-3.28/Modules/FindPackageHandleStandardArgs.cmake",
		"D:/CLion/bin/cmake/win/x64/share/cmake-3.28/Modules/FindPackageMessage.cmake",
		"C:/Qt/6.7.1/mingw_64/lib/cmake/Qt6CoreTools/Qt6CoreToolsConfigVersion.cmake",
		"C:/Qt/6.7.1/mingw_64/lib/cmake/Qt6CoreTools/Qt6CoreToolsConfigVersionImpl.cmake",
		"C:/Qt/6.7.1/mingw_64/lib/cmake/Qt6CoreTools/Qt6CoreToolsConfig.cmake",
		"D:/CLion/bin/cmake/win/x64/share/cmake-3.28/Modules/CMakeFindDependencyMacro.cmake",
		"C:/Qt/6.7.1/mingw_64/lib/cmake/Qt6CoreTools/Qt6CoreToolsDependencies.cmake",
		"C:/Qt/6.7.1/mingw_64/lib/cmake/Qt6CoreTools/Qt6CoreToolsTargets.cmake",
		"C:/Qt/6.7.1/mingw_64/lib/cmake/Qt6CoreTools/Qt6CoreToolsTargets-relwithdebinfo.cmake",
		"C:/Qt/6.7.1/mingw_64/lib/cmake/Qt6CoreTools/Qt6CoreToolsAdditionalTargetInfo.cmake",
		"C:/Qt/6.7.1/mingw_64/lib/cmake/Qt6CoreTools/Qt6CoreToolsVersionlessTargets.cmake",
		"C:/Qt/6.7.1/mingw_64/lib/cmake/Qt6ZlibPrivate/Qt6ZlibPrivateConfigVersion.cmake",
		"C:/Qt/6.7.1/mingw_64/lib/cmake/Qt6ZlibPrivate/Qt6ZlibPrivateConfigVersionImpl.cmake",
		"C:/Qt/6.7.1/mingw_64/lib/cmake/Qt6ZlibPrivate/Qt6ZlibPrivateConfig.cmake",
		"D:/CLion/bin/cmake/win/x64/share/cmake-3.28/Modules/CMakeFindDependencyMacro.cmake",
		"C:/Qt/6.7.1/mingw_64/lib/cmake/Qt6ZlibPrivate/Qt6ZlibPrivateTargets.cmake",
		"C:/Qt/6.7.1/mingw_64/lib/cmake/Qt6ZlibPrivate/Qt6ZlibPrivateAdditionalTargetInfo.cmake",
		"C:/Qt/6.7.1/mingw_64/lib/cmake/Qt6ZlibPrivate/Qt6ZlibPrivateVersionlessTargets.cmake",
		"C:/Qt/6.7.1/mingw_64/lib/cmake/Qt6EntryPointPrivate/Qt6EntryPointPrivateConfigVersion.cmake",
		"C:/Qt/6.7.1/mingw_64/lib/cmake/Qt6EntryPointPrivate/Qt6EntryPointPrivateConfigVersionImpl.cmake",
		"C:/Qt/6.7.1/mingw_64/lib/cmake/Qt6EntryPointPrivate/Qt6EntryPointPrivateConfig.cmake",
		"D:/CLion/bin/cmake/win/x64/share/cmake-3.28/Modules/CMakeFindDependencyMacro.cmake",
		"C:/Qt/6.7.1/mingw_64/lib/cmake/Qt6EntryPointPrivate/Qt6EntryPointPrivateTargets.cmake",
		"C:/Qt/6.7.1/mingw_64/lib/cmake/Qt6EntryPointPrivate/Qt6EntryPointPrivateTargets-relwithdebinfo.cmake",
		"C:/Qt/6.7.1/mingw_64/lib/cmake/Qt6EntryPointPrivate/Qt6EntryPointPrivateAdditionalTargetInfo.cmake",
		"C:/Qt/6.7.1/mingw_64/lib/cmake/Qt6EntryPointPrivate/Qt6EntryPointPrivateVersionlessTargets.cmake",
		"C:/Qt/6.7.1/mingw_64/lib/cmake/Qt6EntryPointPrivate/Qt6EntryPointMinGW32Target.cmake",
		"C:/Qt/6.7.1/mingw_64/lib/cmake/Qt6Core/Qt6CoreTargets.cmake",
		"C:/Qt/6.7.1/mingw_64/lib/cmake/Qt6Core/Qt6CoreTargets-relwithdebinfo.cmake",
		"C:/Qt/6.7.1/mingw_64/lib/cmake/Qt6Core/Qt6CoreAdditionalTargetInfo.cmake",
		"C:/Qt/6.7.1/mingw_64/lib/cmake/Qt6Core/Qt6CoreVersionlessTargets.cmake",
		"C:/Qt/6.7.1/mingw_64/lib/cmake/Qt6Core/Qt6CoreMacros.cmake",
		"C:/Qt/6.7.1/mingw_64/lib/cmake/Qt6Core/Qt6CoreConfigExtras.cmake",
		"C:/Qt/6.7.1/mingw_64/lib/cmake/Qt6Core/QtInstallPaths.cmake",
		"D:/CLion/bin/cmake/win/x64/share/cmake-3.28/Modules/GNUInstallDirs.cmake",
		"C:/Qt/6.7.1/mingw_64/lib/cmake/Qt6Widgets/Qt6WidgetsConfigVersion.cmake",
		"C:/Qt/6.7.1/mingw_64/lib/cmake/Qt6Widgets/Qt6WidgetsConfigVersionImpl.cmake",
		"C:/Qt/6.7.1/mingw_64/lib/cmake/Qt6Widgets/Qt6WidgetsConfig.cmake",
		"D:/CLion/bin/cmake/win/x64/share/cmake-3.28/Modules/CMakeFindDependencyMacro.cmake",
		"C:/Qt/6.7.1/mingw_64/lib/cmake/Qt6Widgets/Qt6WidgetsDependencies.cmake",
		"C:/Qt/6.7.1/mingw_64/lib/cmake/Qt6WidgetsTools/Qt6WidgetsToolsConfigVersion.cmake",
		"C:/Qt/6.7.1/mingw_64/lib/cmake/Qt6WidgetsTools/Qt6WidgetsToolsConfigVersionImpl.cmake",
		"C:/Qt/6.7.1/mingw_64/lib/cmake/Qt6WidgetsTools/Qt6WidgetsToolsConfig.cmake",
		"D:/CLion/bin/cmake/win/x64/share/cmake-3.28/Modules/CMakeFindDependencyMacro.cmake",
		"C:/Qt/6.7.1/mingw_64/lib/cmake/Qt6WidgetsTools/Qt6WidgetsToolsDependencies.cmake",
		"C:/Qt/6.7.1/mingw_64/lib/cmake/Qt6GuiTools/Qt6GuiToolsConfigVersion.cmake",
		"C:/Qt/6.7.1/mingw_64/lib/cmake/Qt6GuiTools/Qt6GuiToolsConfigVersionImpl.cmake",
		"C:/Qt/6.7.1/mingw_64/lib/cmake/Qt6GuiTools/Qt6GuiToolsConfig.cmake",
		"D:/CLion/bin/cmake/win/x64/share/cmake-3.28/Modules/CMakeFindDependencyMacro.cmake",
		"C:/Qt/6.7.1/mingw_64/lib/cmake/Qt6GuiTools/Qt6GuiToolsDependencies.cmake",
		"C:/Qt/6.7.1/mingw_64/lib/cmake/Qt6GuiTools/Qt6GuiToolsTargets.cmake",
		"C:/Qt/6.7.1/mingw_64/lib/cmake/Qt6GuiTools/Qt6GuiToolsTargets-relwithdebinfo.cmake",
		"C:/Qt/6.7.1/mingw_64/lib/cmake/Qt6GuiTools/Qt6GuiToolsAdditionalTargetInfo.cmake",
		"C:/Qt/6.7.1/mingw_64/lib/cmake/Qt6GuiTools/Qt6GuiToolsVersionlessTargets.cmake",
		"C:/Qt/6.7.1/mingw_64/lib/cmake/Qt6WidgetsTools/Qt6WidgetsToolsTargets.cmake",
		"C:/Qt/6.7.1/mingw_64/lib/cmake/Qt6WidgetsTools/Qt6WidgetsToolsTargets-relwithdebinfo.cmake",
		"C:/Qt/6.7.1/mingw_64/lib/cmake/Qt6WidgetsTools/Qt6WidgetsToolsAdditionalTargetInfo.cmake",
		"C:/Qt/6.7.1/mingw_64/lib/cmake/Qt6WidgetsTools/Qt6WidgetsToolsVersionlessTargets.cmake",
		"C:/Qt/6.7.1/mingw_64/lib/cmake/Qt6Gui/Qt6GuiConfigVersion.cmake",
		"C:/Qt/6.7.1/mingw_64/lib/cmake/Qt6Gui/Qt6GuiConfigVersionImpl.cmake",
		"C:/Qt/6.7.1/mingw_64/lib/cmake/Qt6Gui/Qt6GuiConfig.cmake",
		"D:/CLion/bin/cmake/win/x64/share/cmake-3.28/Modules/CMakeFindDependencyMacro.cmake",
		"C:/Qt/6.7.1/mingw_64/lib/cmake/Qt6Gui/Qt6GuiDependencies.cmake",
		"C:/Qt/6.7.1/mingw_64/lib/cmake/Qt6/FindWrapVulkanHeaders.cmake",
		"D:/CLion/bin/cmake/win/x64/share/cmake-3.28/Modules/FindVulkan.cmake",
		"D:/CLion/bin/cmake/win/x64/share/cmake-3.28/Modules/FindPackageHandleStandardArgs.cmake",
		"D:/CLion/bin/cmake/win/x64/share/cmake-3.28/Modules/FindPackageMessage.cmake",
		"D:/CLion/bin/cmake/win/x64/share/cmake-3.28/Modules/FindPackageHandleStandardArgs.cmake",
		"D:/CLion/bin/cmake/win/x64/share/cmake-3.28/Modules/FindPackageMessage.cmake",
		"C:/Qt/6.7.1/mingw_64/lib/cmake/Qt6GuiTools/Qt6GuiToolsConfigVersion.cmake",
		"C:/Qt/6.7.1/mingw_64/lib/cmake/Qt6GuiTools/Qt6GuiToolsConfigVersionImpl.cmake",
		"C:/Qt/6.7.1/mingw_64/lib/cmake/Qt6GuiTools/Qt6GuiToolsConfig.cmake",
		"D:/CLion/bin/cmake/win/x64/share/cmake-3.28/Modules/CMakeFindDependencyMacro.cmake",
		"C:/Qt/6.7.1/mingw_64/lib/cmake/Qt6GuiTools/Qt6GuiToolsDependencies.cmake",
		"C:/Qt/6.7.1/mingw_64/lib/cmake/Qt6GuiTools/Qt6GuiToolsTargets.cmake",
		"C:/Qt/6.7.1/mingw_64/lib/cmake/Qt6GuiTools/Qt6GuiToolsAdditionalTargetInfo.cmake",
		"C:/Qt/6.7.1/mingw_64/lib/cmake/Qt6GuiTools/Qt6GuiToolsVersionlessTargets.cmake",
		"C:/Qt/6.7.1/mingw_64/lib/cmake/Qt6Gui/Qt6GuiTargets.cmake",
		"C:/Qt/6.7.1/mingw_64/lib/cmake/Qt6Gui/Qt6GuiTargets-relwithdebinfo.cmake",
		"C:/Qt/6.7.1/mingw_64/lib/cmake/Qt6Gui/Qt6GuiAdditionalTargetInfo.cmake",
		"C:/Qt/6.7.1/mingw_64/lib/cmake/Qt6Gui/Qt6GuiVersionlessTargets.cmake",
		"C:/Qt/6.7.1/mingw_64/lib/cmake/Qt6Gui/Qt6GuiPlugins.cmake",
		"C:/Qt/6.7.1/mingw_64/lib/cmake/Qt6Gui/Qt6QGifPluginConfig.cmake",
		"D:/CLion/bin/cmake/win/x64/share/cmake-3.28/Modules/CMakeFindDependencyMacro.cmake",
		"C:/Qt/6.7.1/mingw_64/lib/cmake/Qt6Gui/Qt6QGifPluginTargets.cmake",
		"C:/Qt/6.7.1/mingw_64/lib/cmake/Qt6Gui/Qt6QGifPluginTargets-relwithdebinfo.cmake",
		"C:/Qt/6.7.1/mingw_64/lib/cmake/Qt6Gui/Qt6QGifPluginAdditionalTargetInfo.cmake",
		"C:/Qt/6.7.1/mingw_64/lib/cmake/Qt6Gui/Qt6QICOPluginConfig.cmake",
		"D:/CLion/bin/cmake/win/x64/share/cmake-3.28/Modules/CMakeFindDependencyMacro.cmake",
		"C:/Qt/6.7.1/mingw_64/lib/cmake/Qt6Gui/Qt6QICOPluginTargets.cmake",
		"C:/Qt/6.7.1/mingw_64/lib/cmake/Qt6Gui/Qt6QICOPluginTargets-relwithdebinfo.cmake",
		"C:/Qt/6.7.1/mingw_64/lib/cmake/Qt6Gui/Qt6QICOPluginAdditionalTargetInfo.cmake",
		"C:/Qt/6.7.1/mingw_64/lib/cmake/Qt6Gui/Qt6QJpegPluginConfig.cmake",
		"D:/CLion/bin/cmake/win/x64/share/cmake-3.28/Modules/CMakeFindDependencyMacro.cmake",
		"C:/Qt/6.7.1/mingw_64/lib/cmake/Qt6Gui/Qt6QJpegPluginTargets.cmake",
		"C:/Qt/6.7.1/mingw_64/lib/cmake/Qt6Gui/Qt6QJpegPluginTargets-relwithdebinfo.cmake",
		"C:/Qt/6.7.1/mingw_64/lib/cmake/Qt6Gui/Qt6QJpegPluginAdditionalTargetInfo.cmake",
		"C:/Qt/6.7.1/mingw_64/lib/cmake/Qt6Gui/Qt6QMinimalIntegrationPluginConfig.cmake",
		"D:/CLion/bin/cmake/win/x64/share/cmake-3.28/Modules/CMakeFindDependencyMacro.cmake",
		"C:/Qt/6.7.1/mingw_64/lib/cmake/Qt6Gui/Qt6QMinimalIntegrationPluginTargets.cmake",
		"C:/Qt/6.7.1/mingw_64/lib/cmake/Qt6Gui/Qt6QMinimalIntegrationPluginTargets-relwithdebinfo.cmake",
		"C:/Qt/6.7.1/mingw_64/lib/cmake/Qt6Gui/Qt6QMinimalIntegrationPluginAdditionalTargetInfo.cmake",
		"C:/Qt/6.7.1/mingw_64/lib/cmake/Qt6Gui/Qt6QOffscreenIntegrationPluginConfig.cmake",
		"D:/CLion/bin/cmake/win/x64/share/cmake-3.28/Modules/CMakeFindDependencyMacro.cmake",
		"C:/Qt/6.7.1/mingw_64/lib/cmake/Qt6Gui/Qt6QOffscreenIntegrationPluginTargets.cmake",
		"C:/Qt/6.7.1/mingw_64/lib/cmake/Qt6Gui/Qt6QOffscreenIntegrationPluginTargets-relwithdebinfo.cmake",
		"C:/Qt/6.7.1/mingw_64/lib/cmake/Qt6Gui/Qt6QOffscreenIntegrationPluginAdditionalTargetInfo.cmake",
		"C:/Qt/6.7.1/mingw_64/lib/cmake/Qt6Gui/Qt6QSvgIconPluginConfig.cmake",
		"D:/CLion/bin/cmake/win/x64/share/cmake-3.28/Modules/CMakeFindDependencyMacro.cmake",
		"C:/Qt/6.7.1/mingw_64/lib/cmake/Qt6Gui/Qt6QSvgIconPluginTargets.cmake",
		"C:/Qt/6.7.1/mingw_64/lib/cmake/Qt6Gui/Qt6QSvgIconPluginTargets-relwithdebinfo.cmake",
		"C:/Qt/6.7.1/mingw_64/lib/cmake/Qt6Gui/Qt6QSvgIconPluginAdditionalTargetInfo.cmake",
		"C:/Qt/6.7.1/mingw_64/lib/cmake/Qt6Gui/Qt6QSvgPluginConfig.cmake",
		"D:/CLion/bin/cmake/win/x64/share/cmake-3.28/Modules/CMakeFindDependencyMacro.cmake",
		"C:/Qt/6.7.1/mingw_64/lib/cmake/Qt6Gui/Qt6QSvgPluginTargets.cmake",
		"C:/Qt/6.7.1/mingw_64/lib/cmake/Qt6Gui/Qt6QSvgPluginTargets-relwithdebinfo.cmake",
		"C:/Qt/6.7.1/mingw_64/lib/cmake/Qt6Gui/Qt6QSvgPluginAdditionalTargetInfo.cmake",
		"C:/Qt/6.7.1/mingw_64/lib/cmake/Qt6Gui/Qt6QTuioTouchPluginConfig.cmake",
		"D:/CLion/bin/cmake/win/x64/share/cmake-3.28/Modules/CMakeFindDependencyMacro.cmake",
		"C:/Qt/6.7.1/mingw_64/lib/cmake/Qt6Gui/Qt6QTuioTouchPluginTargets.cmake",
		"C:/Qt/6.7.1/mingw_64/lib/cmake/Qt6Gui/Qt6QTuioTouchPluginTargets-relwithdebinfo.cmake",
		"C:/Qt/6.7.1/mingw_64/lib/cmake/Qt6Gui/Qt6QTuioTouchPluginAdditionalTargetInfo.cmake",
		"C:/Qt/6.7.1/mingw_64/lib/cmake/Qt6Gui/Qt6QWindowsDirect2DIntegrationPluginConfig.cmake",
		"D:/CLion/bin/cmake/win/x64/share/cmake-3.28/Modules/CMakeFindDependencyMacro.cmake",
		"C:/Qt/6.7.1/mingw_64/lib/cmake/Qt6Gui/Qt6QWindowsDirect2DIntegrationPluginTargets.cmake",
		"C:/Qt/6.7.1/mingw_64/lib/cmake/Qt6Gui/Qt6QWindowsDirect2DIntegrationPluginTargets-relwithdebinfo.cmake",
		"C:/Qt/6.7.1/mingw_64/lib/cmake/Qt6Gui/Qt6QWindowsDirect2DIntegrationPluginAdditionalTargetInfo.cmake",
		"C:/Qt/6.7.1/mingw_64/lib/cmake/Qt6Gui/Qt6QWindowsIntegrationPluginConfig.cmake",
		"D:/CLion/bin/cmake/win/x64/share/cmake-3.28/Modules/CMakeFindDependencyMacro.cmake",
		"C:/Qt/6.7.1/mingw_64/lib/cmake/Qt6Gui/Qt6QWindowsIntegrationPluginTargets.cmake",
		"C:/Qt/6.7.1/mingw_64/lib/cmake/Qt6Gui/Qt6QWindowsIntegrationPluginTargets-relwithdebinfo.cmake",
		"C:/Qt/6.7.1/mingw_64/lib/cmake/Qt6Gui/Qt6QWindowsIntegrationPluginAdditionalTargetInfo.cmake",
		"C:/Qt/6.7.1/mingw_64/lib/cmake/Qt6Widgets/Qt6WidgetsTargets.cmake",
		"C:/Qt/6.7.1/mingw_64/lib/cmake/Qt6Widgets/Qt6WidgetsTargets-relwithdebinfo.cmake",
		"C:/Qt/6.7.1/mingw_64/lib/cmake/Qt6Widgets/Qt6WidgetsAdditionalTargetInfo.cmake",
		"C:/Qt/6.7.1/mingw_64/lib/cmake/Qt6Widgets/Qt6WidgetsVersionlessTargets.cmake",
		"C:/Qt/6.7.1/mingw_64/lib/cmake/Qt6Widgets/Qt6WidgetsMacros.cmake",
		"C:/Qt/6.7.1/mingw_64/lib/cmake/Qt6Widgets/Qt6WidgetsPlugins.cmake",
		"C:/Qt/6.7.1/mingw_64/lib/cmake/Qt6Widgets/Qt6QModernWindowsStylePluginConfig.cmake",
		"D:/CLion/bin/cmake/win/x64/share/cmake-3.28/Modules/CMakeFindDependencyMacro.cmake",
		"C:/Qt/6.7.1/mingw_64/lib/cmake/Qt6Widgets/Qt6QModernWindowsStylePluginTargets.cmake",
		"C:/Qt/6.7.1/mingw_64/lib/cmake/Qt6Widgets/Qt6QModernWindowsStylePluginTargets-relwithdebinfo.cmake",
		"C:/Qt/6.7.1/mingw_64/lib/cmake/Qt6Widgets/Qt6QModernWindowsStylePluginAdditionalTargetInfo.cmake"
	],
	"CMAKE_SOURCE_DIR" : "F:/CS5310_assignments/assignment5",
	"DEP_FILE" : "F:/CS5310_assignments/assignment5/cmake-build-debug/main_entry_autogen/deps",
	"DEP_FILE_RULE_NAME" : "main_entry_autogen/timestamp",
	"HEADERS" : 
	[
		[
			"F:/CS5310_assignments/assignment5/include/Line.h",
			"MU",
			"6YEA5652QU/moc_Line.cpp",
			null
		],
		[
			"F:/CS5310_assignments/assignment5/include/Module.h",
			"MU",
			"6YEA5652QU/moc_Module.cpp",
			null
		],
		[
			"F:/CS5310_assignments/assignment5/include/Polygon.h",
			"MU",
			"6YEA5652QU/moc_Polygon.cpp",
			null
		],
		[
			"F:/CS5310_assignments/assignment5/include/fsMath.h",
			"MU",
			"6YEA5652QU/moc_fsMath.cpp",
			null
		],
		[
			"F:/CS5310_assignments/assignment5/include/mainWindow.h",
			"MU",
			"6YEA5652QU/moc_mainWindow.cpp",
			null
		]
	],
	"HEADER_EXTENSIONS" : [ "h", "hh", "h++", "hm", "hpp", "hxx", "in", "txx" ],
	"INCLUDE_DIR" : "F:/CS5310_assignments/assignment5/cmake-build-debug/main_entry_autogen/include",
	"MOC_COMPILATION_FILE" : "F:/CS5310_assignments/assignment5/cmake-build-debug/main_entry_autogen/mocs_compilation.cpp",
	"MOC_DEFINITIONS" : 
	[
		"MINGW_HAS_SECURE_API=1",
		"QT_CORE_LIB",
		"QT_GUI_LIB",
		"QT_WIDGETS_LIB",
		"UNICODE",
		"WIN32",
		"WIN64",
		"_ENABLE_EXTENDED_ALIGNED_STORAGE",
		"_UNICODE",
		"_WIN64"
	],
	"MOC_DEPEND_FILTERS" : 
	[
		[
			"Q_PLUGIN_METADATA",
			"[\n][ \t]*Q_PLUGIN_METADATA[ \t]*\\([^\\)]*FILE[ \t]*\"([^\"]+)\""
		]
	],
	"MOC_INCLUDES" : 
	[
		"F:/CS5310_assignments/assignment5/include",
		"C:/Qt/6.7.1/mingw_64/include/QtCore",
		"C:/Qt/6.7.1/mingw_64/include",
		"C:/Qt/6.7.1/mingw_64/mkspecs/win32-g++",
		"C:/Qt/6.7.1/mingw_64/include/QtWidgets",
		"C:/Qt/6.7.1/mingw_64/include/QtGui",
		"D:/CLion/bin/mingw/lib/gcc/x86_64-w64-mingw32/13.1.0/include/c++",
		"D:/CLion/bin/mingw/lib/gcc/x86_64-w64-mingw32/13.1.0/include/c++/x86_64-w64-mingw32",
		"D:/CLion/bin/mingw/lib/gcc/x86_64-w64-mingw32/13.1.0/include/c++/backward",
		"D:/CLion/bin/mingw/lib/gcc/x86_64-w64-mingw32/13.1.0/include",
		"D:/CLion/bin/mingw/include",
		"D:/CLion/bin/mingw/lib/gcc/x86_64-w64-mingw32/13.1.0/include-fixed",
		"D:/CLion/bin/mingw/x86_64-w64-mingw32/include"
	],
	"MOC_MACRO_NAMES" : 
	[
		"Q_OBJECT",
		"Q_GADGET",
		"Q_NAMESPACE",
		"Q_NAMESPACE_EXPORT",
		"Q_GADGET_EXPORT",
		"Q_ENUM_NS"
	],
	"MOC_OPTIONS" : [],
	"MOC_PATH_PREFIX" : false,
	"MOC_PREDEFS_CMD" : 
	[
		"D:/CLion/bin/mingw/bin/g++.exe",
		"-std=gnu++14",
		"-dM",
		"-E",
		"-c",
		"D:/CLion/bin/cmake/win/x64/share/cmake-3.28/Modules/CMakeCXXCompilerABI.cpp"
	],
	"MOC_PREDEFS_FILE" : "F:/CS5310_assignments/assignment5/cmake-build-debug/main_entry_autogen/moc_predefs.h",
	"MOC_RELAXED_MODE" : false,
	"MOC_SKIP" : [],
	"MULTI_CONFIG" : false,
	"PARALLEL" : 16,
	"PARSE_CACHE_FILE" : "F:/CS5310_assignments/assignment5/cmake-build-debug/CMakeFiles/main_entry_autogen.dir/ParseCache.txt",
	"QT_MOC_EXECUTABLE" : "C:/Qt/6.7.1/mingw_64/./bin/moc.exe",
	"QT_UIC_EXECUTABLE" : "C:/Qt/6.7.1/mingw_64/./bin/uic.exe",
	"QT_VERSION_MAJOR" : 6,
	"QT_VERSION_MINOR" : 7,
	"SETTINGS_FILE" : "F:/CS5310_assignments/assignment5/cmake-build-debug/CMakeFiles/main_entry_autogen.dir/AutogenUsed.txt",
	"SOURCES" : 
	[
		[ "F:/CS5310_assignments/assignment5/src/Image.c", "MU", null ],
		[ "F:/CS5310_assignments/assignment5/src/Line.c", "MU", null ],
		[ "F:/CS5310_assignments/assignment5/src/Module.c", "MU", null ],
		[ "F:/CS5310_assignments/assignment5/src/Polygon.c", "MU", null ],
		[ "F:/CS5310_assignments/assignment5/src/anti-alias.cpp", "MU", null ],
		[ "F:/CS5310_assignments/assignment5/src/ball.cpp", "MU", null ],
		[ "F:/CS5310_assignments/assignment5/src/fsMath.c", "MU", null ],
		[ "F:/CS5310_assignments/assignment5/src/main.cpp", "MU", null ],
		[ "F:/CS5310_assignments/assignment5/src/mainWindow.cpp", "MU", null ]
	],
	"UIC_OPTIONS" : [],
	"UIC_SEARCH_PATHS" : [],
	"UIC_SKIP" : [],
	"UIC_UI_FILES" : [],
	"VERBOSITY" : 0
}
